,game_id,competition_id,season,round,date,home_club_id,away_club_id,home_club_goals,away_club_goals,home_club_position,away_club_position,home_club_manager_name,away_club_manager_name,stadium,attendance,referee,url,home_club_formation,away_club_formation,home_club_name,away_club_name,aggregate,competition_type
0,3199586,FR1,2019,23. Matchday,2020-02-05,969.0,347.0,1.0,1.0,5.0,16.0,Michel Der Zakarian,Vincent Hognon,Stade de la Mosson,10786.0,Hakim Ben El Hadj,https://www.transfermarkt.co.uk/montpellier-hsc_fc-metz/index/spielbericht/3199586,3-4-1-2,3-5-2 flat,Montpellier Hérault Sport Club,FC Metz,1:1,domestic_league
1,3199613,FR1,2019,25. Matchday,2020-02-16,1421.0,273.0,1.0,0.0,8.0,3.0,David Guion,Julien Stéphan,Stade Auguste-Delaune,13026.0,Florent Batta,https://www.transfermarkt.co.uk/stade-reims_stade-rennais-fc/index/spielbericht/3199613,4-3-3 Attacking,4-4-2 double 6,Stade de Reims,Stade Rennais Football Club,1:0,domestic_league
2,3199629,FR1,2019,27. Matchday,2020-03-01,1041.0,618.0,2.0,0.0,5.0,16.0,Rudi Garcia,Claude Puel,Groupama Stadium,52772.0,Frank Schneider,https://www.transfermarkt.co.uk/olympique-lyon_as-saint-etienne/index/spielbericht/3199629,4-3-3 Attacking,4-4-2,Olympique Lyonnais,Association sportive de Saint-Étienne Loire,2:0,domestic_league
3,3199638,FR1,2019,27. Matchday,2020-03-01,995.0,1082.0,0.0,1.0,11.0,4.0,Christian Gourcuff,Christophe Galtier,Stade de la Beaujoire,20704.0,Willy Delajod,https://www.transfermarkt.co.uk/fc-nantes_losc-lille/index/spielbericht/3199638,4-4-2,4-4-2,Football Club de Nantes,Lille Olympique Sporting Club,0:1,domestic_league
4,3199643,FR1,2019,28. Matchday,2020-03-08,618.0,40.0,1.0,1.0,17.0,12.0,Claude Puel,Paulo Sousa,Stade Geoffroy-Guichard,24912.0,Thomas Léonard,https://www.transfermarkt.co.uk/as-saint-etienne_fc-girondins-bordeaux/index/spielbericht/3199643,4-3-3 Attacking,4-2-3-1,Association sportive de Saint-Étienne Loire,FC Girondins Bordeaux,1:1,domestic_league
5,3201758,SC1,2019,25. Matchday,2020-02-05,370.0,2578.0,0.0,1.0,4.0,8.0,Derek McInnes,Tommy Wright,Pittodrie Stadium,12552.0,Kevin Clancy,https://www.transfermarkt.co.uk/aberdeen-fc_st-johnstone-fc/index/spielbericht/3201758,4-2-3-1,4-1-4-1,Aberdeen Football Club,Saint Johnstone Football Club,0:1,domestic_league
6,3201779,SC1,2019,28. Matchday,2020-02-22,903.0,1241.0,1.0,1.0,6.0,5.0,Jack Ross,Gary Holt,Easter Road Stadium,15553.0,Alan Newlands,https://www.transfermarkt.co.uk/hibernian-fc_livingston-fc/index/spielbericht/3201779,3-4-1-2,3-1-4-2,Hibernian Football Club,Livingston FC,1:1,domestic_league
7,3201782,SC1,2019,29. Matchday,2020-03-03,903.0,43.0,1.0,3.0,6.0,12.0,Jack Ross,Daniel Stendel,Easter Road Stadium,20197.0,Kevin Clancy,https://www.transfermarkt.co.uk/hibernian-fc_heart-of-midlothian-fc/index/spielbericht/3201782,3-4-1-2,4-4-2 double 6,Hibernian Football Club,Heart of Midlothian Football Club,1:3,domestic_league
8,3203613,L1,2019,21. Matchday,2020-02-09,27.0,23826.0,0.0,0.0,1.0,2.0,Hansi Flick,Julian Nagelsmann,Allianz Arena,75000.0,Marco Fritz,https://www.transfermarkt.co.uk/bayern-munich_rb-leipzig/index/spielbericht/3203613,4-3-3 Attacking,5-4-1,FC Bayern München,RasenBallsport Leipzig,0:0,domestic_league
9,3203669,L1,2019,27. Matchday,2020-05-23,82.0,16.0,0.0,2.0,6.0,2.0,Oliver Glasner,Lucien Favre,Volkswagen Arena,,Daniel Siebert,https://www.transfermarkt.co.uk/vfl-wolfsburg_borussia-dortmund/index/spielbericht/3203669,4-4-2,3-4-2-1,Verein für Leibesübungen Wolfsburg,Borussia Dortmund,0:2,domestic_league
10,3208634,ES1,2019,38. Matchday,2020-07-19,1050.0,1533.0,4.0,0.0,5.0,14.0,Javier Calleja,José Luis Mendilibar,La Cerámica,,Javier Alberola Rojas,https://www.transfermarkt.co.uk/villarreal-cf_sd-eibar/index/spielbericht/3208634,4-2-3-1,4-4-2 double 6,Villarreal Club de Fútbol S.A.D.,SD Eibar,4:0,domestic_league
11,3208842,ES1,2019,21. Matchday,2020-01-25,1108.0,1050.0,1.0,2.0,14.0,8.0,Asier Garitano,Javier Calleja,Mendizorroza,18153.0,José Luis Munuera Montero,https://www.transfermarkt.co.uk/deportivo-alaves_villarreal-cf/index/spielbericht/3208842,4-4-2 double 6,4-3-3 Attacking,Deportivo Alavés S.A.D.,Villarreal Club de Fútbol S.A.D.,1:2,domestic_league
12,3210002,ES1,2019,27. Matchday,2020-03-07,3709.0,940.0,0.0,0.0,4.0,17.0,Pepe Bordalás,Óscar García,Coliseum,11286.0,José María Sánchez Martínez,https://www.transfermarkt.co.uk/getafe-cf_celta-de-vigo/index/spielbericht/3210002,4-4-2,3-4-1-2,Getafe Club de Fútbol S.A.D. Team Dubai,Real Club Celta de Vigo S. A. D.,0:0,domestic_league
13,3210006,ES1,2019,27. Matchday,2020-03-08,366.0,621.0,1.0,4.0,15.0,10.0,Sergio,Gaizka Garitano,José Zorrilla,21632.0,José Luis Munuera Montero,https://www.transfermarkt.co.uk/real-valladolid-cf_athletic-bilbao/index/spielbericht/3210006,3-4-3,4-2-3-1,Real Valladolid Club de Fútbol S.A.D.,Athletic Club Bilbao,1:4,domestic_league
14,3210016,ES1,2019,28. Matchday,2020-06-14,621.0,13.0,1.0,1.0,10.0,5.0,Gaizka Garitano,Diego Simeone,San Mamés,,González González,https://www.transfermarkt.co.uk/athletic-bilbao_atletico-de-madrid/index/spielbericht/3210016,4-2-3-1,4-4-2 double 6,Athletic Club Bilbao,Club Atlético de Madrid S.A.D.,1:1,domestic_league
15,3210098,ES1,2019,33. Matchday,2020-06-30,237.0,940.0,5.0,1.0,18.0,17.0,Vicente Moreno,Óscar García,Mallorca Son Moix,,De Burgos Bengoetxea,https://www.transfermarkt.co.uk/rcd-mallorca_celta-de-vigo/index/spielbericht/3210098,4-4-1-1,4-1-4-1,Real Club Deportivo Mallorca S.A.D.,Real Club Celta de Vigo S. A. D.,5:1,domestic_league
16,3210107,ES1,2019,34. Matchday,2020-07-04,16795.0,1049.0,2.0,2.0,10.0,9.0,Diego Martínez,Voro,Nuevo Los Cármenes,,Adrián Cordero Vega,https://www.transfermarkt.co.uk/granada-cf_valencia-cf/index/spielbericht/3210107,5-4-1,4-4-2 double 6,Granada CF,Valencia Club de Fútbol S. A. D.,2:2,domestic_league
17,3210447,DK1,2019,25. Matchday,2020-05-31,3426.0,1053.0,1.0,1.0,13.0,6.0,Lars Olsen,Jacob Friis,Blue Water Arena,,Jakob Kehlet,https://www.transfermarkt.co.uk/esbjerg-fb_aalborg-bk/index/spielbericht/3210447,4-2-3-1,4-3-3 Attacking,Esbjerg fB,Aalborg Boldspilklub,1:1,domestic_league
18,3211783,PO1,2019,16. Matchday,2020-01-10,294.0,3336.0,2.0,1.0,1.0,18.0,Bruno Lage,Nuno Manta Santos,Estádio da Luz,50760.0,Carlos Xistra,https://www.transfermarkt.co.uk/sl-benfica_desportivo-aves-2020-/index/spielbericht/3211783,4-4-1-1,4-1-4-1,Sport Lisboa e Benfica,Desportivo Aves (- 2020),2:1,domestic_league
19,3212619,PO1,2019,26. Matchday,2020-06-11,7179.0,3336.0,2.0,0.0,14.0,18.0,Natxo González,Nuno Manta Santos,Estádio João Cardoso,,Rui Oliveira,https://www.transfermarkt.co.uk/cd-tondela_desportivo-aves-2020-/index/spielbericht/3212619,4-4-2 double 6,4-3-3 Attacking,CD Tondela,Desportivo Aves (- 2020),2:0,domestic_league
20,3219162,GB1,2019,37. Matchday,2020-07-22,985.0,379.0,1.0,1.0,3.0,15.0,Ole Gunnar Solskjær,David Moyes,Old Trafford,,Paul Tierney,https://www.transfermarkt.co.uk/manchester-united_west-ham-united/index/spielbericht/3219162,4-2-3-1,4-2-3-1,Manchester United Football Club,West Ham United Football Club,1:1,domestic_league
21,3219187,GB1,2019,26. Matchday,2020-02-14,543.0,1003.0,0.0,0.0,8.0,3.0,Nuno Espírito Santo,Brendan Rodgers,Molineux Stadium,31682.0,Mike Dean,https://www.transfermarkt.co.uk/wolverhampton-wanderers_leicester-city/index/spielbericht/3219187,3-4-3,4-1-4-1,Wolverhampton Wanderers Football Club,Leicester City Football Club,0:0,domestic_league
22,3219201,GB1,2019,33. Matchday,2020-07-05,762.0,379.0,2.0,2.0,12.0,16.0,Steve Bruce,David Moyes,St James' Park,,Craig Pawson,https://www.transfermarkt.co.uk/newcastle-united_west-ham-united/index/spielbericht/3219201,4-2-3-1,4-2-3-1,Newcastle United Football Club,West Ham United Football Club,2:2,domestic_league
23,3219203,GB1,2019,28. Matchday,2020-06-17,405.0,350.0,0.0,0.0,19.0,7.0,Dean Smith,Chris Wilder,Villa Park,,Michael Oliver,https://www.transfermarkt.co.uk/aston-villa_sheffield-united/index/spielbericht/3219203,4-3-3 Attacking,3-5-2 flat,Aston Villa Football Club,Sheffield United,0:0,domestic_league
24,3223175,TR1,2019,19. Matchday,2020-01-24,820.0,2832.0,1.0,0.0,13.0,9.0,Hamza Hamzaoğlu,Marius Șumudică,Eryaman Stadyumu,2428.0,Mete Kalkavan,https://www.transfermarkt.co.uk/genclerbirligi-ankara_gaziantep-fk/index/spielbericht/3223175,4-2-3-1,5-3-2,Genclerbirligi Ankara,Gaziantep Futbol Kulübü A.Ş.,1:0,domestic_league
25,3223263,TR1,2019,28. Matchday,2020-06-22,589.0,126.0,3.0,1.0,9.0,14.0,Tamer Tuna,Ünal Karaman,Corendon Airlines Park Antalya Stadı,,Suat Arslanboğa,https://www.transfermarkt.co.uk/antalyaspor_caykur-rizespor/index/spielbericht/3223263,4-4-2 double 6,4-2-3-1,Antalyaspor,Çaykur Rizespor Kulübü,3:1,domestic_league
26,3223267,TR1,2019,29. Matchday,2020-06-28,6890.0,141.0,1.0,1.0,1.0,4.0,Okan Buruk,Fatih Terim,Başakşehir Fatih Terim,,Ali Palabıyık,https://www.transfermarkt.co.uk/basaksehir-fk_galatasaray/index/spielbericht/3223267,4-1-4-1,4-1-4-1,İstanbul Başakşehir Futbol Kulübü,Galatasaray Spor Kulübü,1:1,domestic_league
27,3223270,TR1,2019,29. Matchday,2020-06-27,1467.0,11282.0,3.0,3.0,8.0,7.0,İlhan Palut,Erol Bulut,Gürsel Aksel Stadyumu,,Yaşar Kemal Uğurlu,https://www.transfermarkt.co.uk/goztepe_alanyaspor/index/spielbericht/3223270,4-2-3-1,4-2-3-1,Göztepe Sportif Yatırımlar A.Ş.,Alanyaspor,3:3,domestic_league
28,3223308,TR1,2019,33. Matchday,2020-07-19,6890.0,3205.0,1.0,0.0,1.0,17.0,Okan Buruk,Robert Prosinecki,Başakşehir Fatih Terim,,Ali Şansalan,https://www.transfermarkt.co.uk/basaksehir-fk_kayserispor/index/spielbericht/3223308,4-4-2 double 6,4-1-4-1,İstanbul Başakşehir Futbol Kulübü,Kayserispor Kulübü,1:0,domestic_league
29,3223309,TR1,2019,33. Matchday,2020-07-19,11282.0,833.0,1.0,0.0,6.0,14.0,Erol Bulut,Levent Kartop,Gain Park Stadyumu,,Fırat Aydınus,https://www.transfermarkt.co.uk/alanyaspor_denizlispor/index/spielbericht/3223309,4-2-3-1,4-2-3-1,Alanyaspor,Denizlispor,1:0,domestic_league
30,3229345,IT1,2019,18. Matchday,2020-01-05,2722.0,276.0,0.0,2.0,20.0,11.0,Leonardo Semplici,Ivan Juric,Paolo Mazza,14078.0,Marco Guida,https://www.transfermarkt.co.uk/spal_hellas-verona/index/spielbericht/3229345,3-5-2 flat,3-4-2-1,SPAL,Verona Hellas Football Club,0:2,domestic_league
31,3229346,IT1,2019,19. Matchday,2020-01-11,1390.0,5.0,0.0,2.0,6.0,10.0,Rolando Maran,Stefano Pioli,Unipol Domus,16412.0,Rosario Abisso,https://www.transfermarkt.co.uk/cagliari-calcio_ac-milan/index/spielbericht/3229346,4-3-2-1,4-4-2 double 6,Cagliari Calcio,Associazione Calcio Milan,0:2,domestic_league
32,3229361,IT1,2019,20. Matchday,2020-01-19,252.0,12.0,1.0,3.0,20.0,4.0,Davide Nicola,Paulo Fonseca,Luigi Ferraris,20951.0,Fabio Maresca,https://www.transfermarkt.co.uk/genoa-cfc_as-roma/index/spielbericht/3229361,3-5-2 flat,4-2-3-1,Genoa Cricket and Football Club,Associazione Sportiva Roma,1:3,domestic_league
33,3229363,IT1,2019,20. Matchday,2020-01-20,800.0,2722.0,1.0,2.0,5.0,19.0,Gian Piero Gasperini,Leonardo Semplici,Gewiss Stadium,18313.0,Federico La Penna,https://www.transfermarkt.co.uk/atalanta-bc_spal/index/spielbericht/3229363,3-4-1-2,3-5-2 flat,Atalanta Bergamasca Calcio S.p.a.,SPAL,1:2,domestic_league
34,3229372,IT1,2019,21. Matchday,2020-01-26,276.0,1005.0,3.0,0.0,9.0,17.0,Ivan Juric,Fabio Liverani,Marcantonio Bentegodi,15425.0,Rosario Abisso,https://www.transfermarkt.co.uk/hellas-verona_us-lecce/index/spielbericht/3229372,3-4-2-1,5-3-2,Verona Hellas Football Club,Unione Sportiva Lecce,3:0,domestic_league
35,3229379,IT1,2019,22. Matchday,2020-02-02,5.0,276.0,1.0,1.0,6.0,9.0,Stefano Pioli,Ivan Juric,Giuseppe Meazza,55355.0,Daniele Chiffi,https://www.transfermarkt.co.uk/ac-milan_hellas-verona/index/spielbericht/3229379,4-4-2 double 6,3-4-2-1,Associazione Calcio Milan,Verona Hellas Football Club,1:1,domestic_league
36,3229538,IT1,2019,38. Matchday,2020-08-02,252.0,276.0,3.0,0.0,17.0,9.0,Davide Nicola,Ivan Juric,Luigi Ferraris,,Massimiliano Irrati,https://www.transfermarkt.co.uk/genoa-cfc_hellas-verona/index/spielbericht/3229538,3-5-2 flat,3-4-2-1,Genoa Cricket and Football Club,Verona Hellas Football Club,3:0,domestic_league
37,3264443,UKR1,2019,19. Matchday,2020-02-22,6993.0,10690.0,1.0,2.0,7.0,3.0,Oleksandr Babych,Viktor Skrypnyk,Stadion im. Volodymyra Boyko,1570.0,Yaroslav Kozyk,https://www.transfermarkt.co.uk/fk-mariupol_zorya-lugansk/index/spielbericht/3264443,4-1-4-1,4-1-4-1,FK Mariupol,FC Zorya Lugansk,1:2,domestic_league
38,3291934,CL,2019,last 16 1st leg,2020-02-25,6195.0,131.0,1.0,1.0,,,Gennaro Gattuso,Quique Setién,Diego Armando Maradona,44388.0,Dr. Felix Brych,https://www.transfermarkt.co.uk/spielbericht/index/spielbericht/3291934,4-3-3 Attacking,4-3-3 Attacking,Società Sportiva Calcio Napoli,Futbol Club Barcelona,1:1,international_cup
39,3291985,EL,2019,intermediate stage 1st leg,2020-02-20,3709.0,610.0,2.0,0.0,,,Pepe Bordalás,Erik ten Hag,Coliseum,14039.0,Ruddy Buquet,https://www.transfermarkt.co.uk/spielbericht/index/spielbericht/3291985,4-4-2,4-3-3 Defending,Getafe Club de Fútbol S.A.D. Team Dubai,AFC Ajax Amsterdam,2:0,international_cup
40,3292003,EL,2019,intermediate stage 2nd leg,2020-02-27,371.0,190.0,1.0,3.0,,,Neil Lennon,Ståle Solbakken,Celtic Park,56172.0,Artur Soares Dias,https://www.transfermarkt.co.uk/spielbericht/index/spielbericht/3292003,4-2-3-1,4-4-2,The Celtic Football Club,Football Club København,1:3,international_cup
41,3292277,GR1,2019,17. Matchday,2020-01-05,169.0,3999.0,0.0,1.0,14.0,8.0,Nikodimos Papavasiliou,Apostolos Mantzios,Stadio Neas Smyrnis,746.0,Aristidis Vatsios,https://www.transfermarkt.co.uk/panionios-athens_pas-lamia-1964/index/spielbericht/3292277,3-4-3,4-2-3-1,Panionios Athens,PAS Lamia 1964,0:1,domestic_league
42,3292282,GR1,2019,18. Matchday,2020-01-12,6676.0,653.0,2.0,0.0,11.0,8.0,Milan Rastavac,Georgios Simos,Gipedo Theodoros Kolokotronis,1229.0,Anastasios Sidiropoulos,https://www.transfermarkt.co.uk/asteras-tripolis_ofi-crete-fc/index/spielbericht/3292282,4-2-3-1,4-3-3 Attacking,A.G.S Asteras Tripolis,Omilos Filathlon Irakliou FC,2:0,domestic_league
43,3298468,RU1,2019,21. Matchday,2020-03-09,964.0,28095.0,0.0,0.0,1.0,8.0,Sergey Semak,Vadim Evseev,Gazprom Arena,42191.0,Aleksey Sukhoy,https://www.transfermarkt.co.uk/zenit-st-petersburg_fc-ufa/index/spielbericht/3298468,4-2-3-1,5-4-1,AO FK Zenit Sankt-Peterburg,FK Ufa,0:0,domestic_league
44,3300411,GRP,2019,last 16 2nd leg,2020-01-30,2441.0,6676.0,2.0,0.0,,,Massimo Carrera,Milan Rastavac,"Olympiakó Stádio Athinon ""Spyros Louis""",,Dimitrios Maloutas,https://www.transfermarkt.co.uk/spielbericht/index/spielbericht/3300411,4-3-3 Attacking,4-2-3-1,Athlitiki Enosi Konstantinoupoleos,A.G.S Asteras Tripolis,2:0,domestic_cup
45,3302919,BE1,2019,24. Matchday,2020-02-01,354.0,157.0,0.0,3.0,8.0,2.0,Wouter Vrancken,Jess Thorup,AFAS Stadion,16069.0,Jan Boterberg,https://www.transfermarkt.co.uk/kv-mechelen_kaa-gent/index/spielbericht/3302919,4-2-3-1,4-3-1-2,Yellow-Red Koninklijke Voetbalclub Mechelen,Koninklijke Atletiek Associatie Gent,0:3,domestic_league
46,3302945,BE1,2019,27. Matchday,2020-02-23,58.0,1245.0,6.0,1.0,8.0,13.0,Frank Vercauteren,Beñat San José,Lotto Park,20000.0,Alexandre Boucaut,https://www.transfermarkt.co.uk/rsc-anderlecht_kas-eupen/index/spielbericht/3302945,4-3-3 Defending,5-3-2,Royal Sporting Club Anderlecht,KAS Eupen,6:1,domestic_league
47,3302951,BE1,2019,28. Matchday,2020-02-29,1096.0,2861.0,3.0,1.0,4.0,15.0,László Bölöni,Dennis van Wijk,De Bosuil,11012.0,Bert Put,https://www.transfermarkt.co.uk/royal-antwerp-fc_kv-oostende-2024-/index/spielbericht/3302951,4-2-3-1,3-4-1-2,Royal Antwerp Football Club,KV Oostende,3:1,domestic_league
48,3305601,CIT,2019,Quarter-Finals,2020-01-21,6195.0,398.0,1.0,0.0,,,Gennaro Gattuso,Simone Inzaghi,Diego Armando Maradona,24377.0,Davide Massa,https://www.transfermarkt.co.uk/spielbericht/index/spielbericht/3305601,4-3-3 Attacking,3-5-2 flat,Società Sportiva Calcio Napoli,Società Sportiva Lazio S.p.A.,1:0,domestic_cup
49,3328970,SFA,2019,Semi-Finals,2020-11-01,371.0,370.0,2.0,0.0,,,Neil Lennon,Derek McInnes,Hampden Park,,Don Robertson,https://www.transfermarkt.co.uk/spielbericht/index/spielbericht/3328970,4-2-3-1,3-4-2-1,The Celtic Football Club,Aberdeen Football Club,2:0,domestic_cup
50,3330510,UKR1,2019,21. Matchday,2020-03-04,23611.0,16239.0,1.0,2.0,10.0,4.0,Vicente Gómez,Oleksandr Ryabokon,Stadion im. Valeriya Lobanovskogo,320.0,Viktor Kopiyevskyi,https://www.transfermarkt.co.uk/olimpik-donetsk_desna-chernigiv/index/spielbericht/3330510,4-1-4-1,4-2-3-1,Olimpik Donetsk,Desna Chernigiv,1:2,domestic_league
51,3331415,RUP,2019,Semi-Finals,2020-07-19,964.0,232.0,2.0,1.0,,,Sergey Semak,Domenico Tedesco,Gazprom Arena,7548.0,Sergey Ivanov,https://www.transfermarkt.co.uk/spielbericht/index/spielbericht/3331415,4-4-2 double 6,3-5-2 Attacking,AO FK Zenit Sankt-Peterburg,FK Spartak Moskva,2:1,domestic_cup
52,3332668,DFB,2019,Semi-Finals,2020-06-10,27.0,24.0,2.0,1.0,,,Hansi Flick,Adi Hütter,Allianz Arena,,Marco Fritz,https://www.transfermarkt.co.uk/spielbericht/index/spielbericht/3332668,4-2-3-1,5-3-2,FC Bayern München,Eintracht Frankfurt Fußball AG,2:1,domestic_cup
53,3388674,FAC,2019,Quarter-Finals,2020-06-27,1123.0,985.0,1.0,2.0,,,Daniel Farke,Ole Gunnar Solskjær,Carrow Road,,Jonathan Moss,https://www.transfermarkt.co.uk/spielbericht/index/spielbericht/3388674,4-1-4-1,4-2-3-1,Norwich City,Manchester United Football Club,1:2,domestic_cup
54,3393781,SC1,2020,3. Matchday,2020-08-12,124.0,2578.0,3.0,0.0,1.0,11.0,Steven Gerrard,Callum Davidson,Ibrox Stadium,,Euan Anderson,https://www.transfermarkt.co.uk/rangers-fc_st-johnstone-fc/index/spielbericht/3393781,4-3-3 Attacking,3-4-2-1,Rangers Football Club,Saint Johnstone Football Club,3:0,domestic_league
55,3393782,SC1,2020,3. Matchday,2020-08-12,2759.0,2553.0,2.0,2.0,4.0,8.0,Stuart Kettlewell,Alex Dyer,Global Energy Stadium,,Gavin Duncan,https://www.transfermarkt.co.uk/ross-county-fc_kilmarnock-fc/index/spielbericht/3393782,4-2-3-1,4-3-3 Attacking,Ross County Football Club,Kilmarnock Football Club,2:2,domestic_league
56,3393784,SC1,2020,4. Matchday,2020-08-15,2999.0,465.0,0.0,1.0,12.0,7.0,Brian Rice,Jim Goodwin,ZLX Stadium,,Steven Kirkland,https://www.transfermarkt.co.uk/hamilton-academical-fc_st-mirren-fc/index/spielbericht/3393784,4-4-2 double 6,4-4-2 double 6,Hamilton Academical FC,Saint Mirren Football Club,0:1,domestic_league
57,3393962,FR1,2020,1. Matchday,2020-08-23,162.0,1421.0,2.0,2.0,9.0,8.0,Niko Kovac,David Guion,Stade Louis-II,2933.0,François Letexier,https://www.transfermarkt.co.uk/as-monaco_stade-reims/index/spielbericht/3393962,4-3-3 Attacking,4-2-3-1,Association sportive de Monaco Football Club,Stade de Reims,2:2,domestic_league
58,3394572,FR1,2020,2. Matchday,2020-08-30,1421.0,1082.0,0.0,1.0,16.0,6.0,David Guion,Christophe Galtier,Stade Auguste-Delaune,3614.0,Stéphanie Frappart,https://www.transfermarkt.co.uk/stade-reims_losc-lille/index/spielbericht/3394572,4-3-3 Attacking,4-4-2 double 6,Stade de Reims,Lille Olympique Sporting Club,0:1,domestic_league
59,3394640,FR1,2020,8. Matchday,2020-10-24,583.0,2969.0,4.0,0.0,1.0,20.0,Thomas Tuchel,Stéphane Jobard,Parc des Princes,,Johan Hamel,https://www.transfermarkt.co.uk/paris-saint-germain_dijon-fco/index/spielbericht/3394640,4-3-3 Attacking,4-3-3 Attacking,Paris Saint-Germain Football Club,Dijon FCO,4:0,domestic_league
60,3394649,FR1,2020,9. Matchday,2020-11-01,1082.0,1041.0,1.0,1.0,2.0,7.0,Christophe Galtier,Rudi Garcia,Decathlon Arena-Stade Pierre-Mauroy,,Mikael Lesage,https://www.transfermarkt.co.uk/losc-lille_olympique-lyon/index/spielbericht/3394649,4-4-2 double 6,4-3-3 Attacking,Lille Olympique Sporting Club,Olympique Lyonnais,1:1,domestic_league
61,3394750,FR1,2020,19. Matchday,2021-01-09,969.0,995.0,1.0,1.0,9.0,17.0,Michel Der Zakarian,Raymond Domenech,Stade de la Mosson,,François Letexier,https://www.transfermarkt.co.uk/montpellier-hsc_fc-nantes/index/spielbericht/3394750,5-3-2,4-4-2 double 6,Montpellier Hérault Sport Club,Football Club de Nantes,1:1,domestic_league
62,3394764,FR1,2020,21. Matchday,2021-01-24,347.0,995.0,2.0,0.0,8.0,17.0,Frédéric Antonetti,Raymond Domenech,Stade Saint-Symphorien,,Jérôme Miguelgorry,https://www.transfermarkt.co.uk/fc-metz_fc-nantes/index/spielbericht/3394764,3-4-1-2,4-4-2 double 6,FC Metz,Football Club de Nantes,2:0,domestic_league
63,3394788,FR1,2020,23. Matchday,2021-02-03,1421.0,1420.0,0.0,0.0,12.0,9.0,David Guion,Stéphane Moulin,Stade Auguste-Delaune,,Aurélien Petit,https://www.transfermarkt.co.uk/stade-reims_angers-sco/index/spielbericht/3394788,4-1-4-1,4-2-3-1,Stade de Reims,Angers Sporting Club de l'Ouest,0:0,domestic_league
64,3394893,FR1,2020,29. Matchday,2021-03-13,1420.0,618.0,0.0,1.0,10.0,16.0,Stéphane Moulin,Claude Puel,Stade Raymond Kopa,,Benoît Millot,https://www.transfermarkt.co.uk/angers-sco_as-saint-etienne/index/spielbericht/3394893,4-2-3-1,3-4-1-2,Angers Sporting Club de l'Ouest,Association sportive de Saint-Étienne Loire,0:1,domestic_league
65,3394923,FR1,2020,32. Matchday,2021-04-11,618.0,40.0,4.0,1.0,13.0,15.0,Claude Puel,Jean-Louis Gasset,Stade Geoffroy-Guichard,,Frank Schneider,https://www.transfermarkt.co.uk/as-saint-etienne_fc-girondins-bordeaux/index/spielbericht/3394923,4-1-4-1,4-3-3 Attacking,Association sportive de Saint-Étienne Loire,FC Girondins Bordeaux,4:1,domestic_league
66,3394999,FR1,2020,38. Matchday,2021-05-23,1421.0,40.0,1.0,2.0,14.0,12.0,David Guion,Jean-Louis Gasset,Stade Auguste-Delaune,,Jérôme Brisard,https://www.transfermarkt.co.uk/stade-reims_fc-girondins-bordeaux/index/spielbericht/3394999,4-4-2,5-3-2,Stade de Reims,FC Girondins Bordeaux,1:2,domestic_league
67,3395474,SC1,2020,15. Matchday,2020-11-22,124.0,370.0,4.0,0.0,1.0,3.0,Steven Gerrard,Derek McInnes,Ibrox Stadium,,Nick Walsh,https://www.transfermarkt.co.uk/rangers-fc_aberdeen-fc/index/spielbericht/3395474,4-3-3 Attacking,3-4-2-1,Rangers Football Club,Aberdeen Football Club,4:0,domestic_league
68,3400535,SC1,2020,33. Matchday,2021-02-20,903.0,2999.0,2.0,0.0,3.0,12.0,Jack Ross,Brian Rice,Easter Road Stadium,,Craig Napier,https://www.transfermarkt.co.uk/hibernian-fc_hamilton-academical-fc/index/spielbericht/3400535,3-4-1-2,3-5-2 flat,Hibernian Football Club,Hamilton Academical FC,2:0,domestic_league
69,3406929,RU1,2020,2. Matchday,2020-08-15,2698.0,11127.0,1.0,1.0,13.0,12.0,Leonid Slutskiy,Yuriy Matveev,Ak Bars Arena,4088.0,Aleksey Sukhoy,https://www.transfermarkt.co.uk/rubin-kazan_ural-yekaterinburg/index/spielbericht/3406929,4-2-3-1,4-2-3-1,FC Rubin Kazan,Ural Yekaterinburg,1:1,domestic_league
70,3407692,RUP,2020,First Round,2020-08-05,2700.0,75231.0,1.0,0.0,,,Artur Sadirov,Ruslan Agalarov,RDYuSSh MinObrNauki RD Politekh Makhachkala,,Sergey Smirnov,https://www.transfermarkt.co.uk/spielbericht/index/spielbericht/3407692,4-2-3-1,3-5-2 flat,Anzhi Makhachkala ( -2022),Dinamo Makhachkala,1:0,domestic_cup
71,3409238,RU1,2020,4. Matchday,2020-08-22,964.0,41201.0,4.0,1.0,1.0,14.0,Sergey Semak,Sergey Pervushin,Gazprom Arena,20782.0,Igor Panin,https://www.transfermarkt.co.uk/zenit-st-petersburg_pfk-tambov/index/spielbericht/3409238,4-4-2 double 6,3-4-2-1,AO FK Zenit Sankt-Peterburg,PFK Tambov (-2021),4:1,domestic_league
72,3409250,RU1,2020,5. Matchday,2020-08-26,121.0,964.0,1.0,0.0,4.0,1.0,Kirill Novikov,Sergey Semak,VTB-Arena,5885.0,Stanislav Vasiljev,https://www.transfermarkt.co.uk/dynamo-moscow_zenit-st-petersburg/index/spielbericht/3409250,3-4-2-1,4-4-2 double 6,FK Dinamo Moskva,AO FK Zenit Sankt-Peterburg,1:0,domestic_league
73,3409253,RU1,2020,6. Matchday,2020-08-29,3719.0,3609.0,1.0,1.0,15.0,16.0,Dmitriy Gunko,Aleksandr Khatskevich,Arena Khimki,2541.0,Kirill Levnikov,https://www.transfermarkt.co.uk/fc-khimki_rotor-volgograd/index/spielbericht/3409253,3-4-2-1,3-4-2-1,FK Khimki,Rotor Volgograd,1:1,domestic_league
74,3412888,L1,2020,1. Matchday,2020-09-19,89.0,167.0,1.0,3.0,14.0,5.0,Urs Fischer,Heiko Herrlich,Stadion An der Alten Försterei,4500.0,Marco Fritz,https://www.transfermarkt.co.uk/1-fc-union-berlin_fc-augsburg/index/spielbericht/3412888,4-3-3 Attacking,4-2-3-1,1. Fußballclub Union Berlin,Fußball-Club Augsburg 1907,1:3,domestic_league
75,3413014,L1,2020,8. Matchday,2020-11-21,44.0,16.0,2.0,5.0,13.0,2.0,Bruno Labbadia,Lucien Favre,Olympiastadion Berlin,,Bastian Dankert,https://www.transfermarkt.co.uk/hertha-bsc_borussia-dortmund/index/spielbericht/3413014,4-4-2 double 6,3-4-2-1,Hertha BSC,Borussia Dortmund,2:5,domestic_league
76,3413024,L1,2020,9. Matchday,2020-11-29,39.0,533.0,1.0,1.0,16.0,12.0,Jan-Moritz Lichte,Sebastian Hoeneß,Mewa Arena,,Sascha Stegemann,https://www.transfermarkt.co.uk/1-fsv-mainz-05_tsg-1899-hoffenheim/index/spielbericht/3413024,3-4-2-1,4-3-1-2,1. Fußball- und Sportverein Mainz 05,Turn- und Sportgemeinschaft 1899 Hoffenheim Fußball-Spielbetriebs,1:1,domestic_league
77,3413066,L1,2020,24. Matchday,2021-03-06,60.0,23826.0,0.0,3.0,8.0,2.0,Christian Streich,Julian Nagelsmann,Dreisamstadion,,Guido Winkmann,https://www.transfermarkt.co.uk/sc-freiburg_rb-leipzig/index/spielbericht/3413066,4-4-2 double 6,3-1-4-2,Sport-Club Freiburg,RasenBallsport Leipzig,0:3,domestic_league
78,3413072,L1,2020,12. Matchday,2020-12-16,27.0,82.0,2.0,1.0,2.0,5.0,Hansi Flick,Oliver Glasner,Allianz Arena,,Marco Fritz,https://www.transfermarkt.co.uk/bayern-munich_vfl-wolfsburg/index/spielbericht/3413072,4-1-4-1,4-2-3-1,FC Bayern München,Verein für Leibesübungen Wolfsburg,2:1,domestic_league
79,3413074,L1,2020,12. Matchday,2020-12-15,24.0,18.0,3.0,3.0,10.0,8.0,Adi Hütter,Marco Rose,Commerzbank Arena,,Benjamin Cortus,https://www.transfermarkt.co.uk/eintracht-frankfurt_borussia-monchengladbach/index/spielbericht/3413074,3-4-2-1,4-2-3-1,Eintracht Frankfurt Fußball AG,Borussia Verein für Leibesübungen 1900 Mönchengladbach,3:3,domestic_league
80,3413844,BE1,2020,1. Matchday,2020-08-09,354.0,58.0,2.0,2.0,8.0,7.0,Wouter Vrancken,Frank Vercauteren,AFAS Stadion,,Alexandre Boucaut,https://www.transfermarkt.co.uk/kv-mechelen_rsc-anderlecht/index/spielbericht/3413844,4-3-3 Attacking,4-3-3 Attacking,Yellow-Red Koninklijke Voetbalclub Mechelen,Royal Sporting Club Anderlecht,2:2,domestic_league
81,3415245,BE1,2020,2. Matchday,2020-08-14,29228.0,354.0,0.0,1.0,14.0,6.0,Fernando Da Cruz,Wouter Vrancken,Le Canonnier,,Christof Dierick,https://www.transfermarkt.co.uk/royal-excel-mouscron-2022-_kv-mechelen/index/spielbericht/3415245,5-3-2,4-3-3 Attacking,Royal Excel Mouscron (-2022),Yellow-Red Koninklijke Voetbalclub Mechelen,0:1,domestic_league
82,3415298,BE1,2020,7. Matchday,2020-09-27,58.0,1245.0,1.0,1.0,5.0,12.0,Vincent Kompany,Beñat San José,Lotto Park,6000.0,Kevin Dhondt,https://www.transfermarkt.co.uk/rsc-anderlecht_kas-eupen/index/spielbericht/3415298,4-3-3 Defending,4-3-3 Attacking,Royal Sporting Club Anderlecht,KAS Eupen,1:1,domestic_league
83,3415310,BE1,2020,9. Matchday,2020-10-17,520.0,157.0,5.0,2.0,6.0,13.0,Paul Clement,Wim De Decker,Jan-Breydel-Stadion,2500.0,Nathan Verboomen,https://www.transfermarkt.co.uk/cercle-brugge-_kaa-gent/index/spielbericht/3415310,4-3-3 Attacking,4-4-2 double 6,Cercle Brugge Koninklijke Sportvereniging,Koninklijke Atletiek Associatie Gent,5:2,domestic_league
84,3415328,BE1,2020,11. Matchday,2020-10-30,1184.0,1245.0,4.0,0.0,7.0,13.0,Jess Thorup,Manel Expósito,Cegeka Arena,,Bram Van Driessche,https://www.transfermarkt.co.uk/krc-genk_kas-eupen/index/spielbericht/3415328,3-5-2,3-5-2,Koninklijke Racing Club Genk,KAS Eupen,4:0,domestic_league
85,3415340,BE1,2020,12. Matchday,2020-11-08,2861.0,2282.0,1.0,3.0,11.0,1.0,Alexander Blessin,Philippe Clement,Diaz Arena,,Kevin Van Damme,https://www.transfermarkt.co.uk/kv-oostende-2024-_club-brugge-kv/index/spielbericht/3415340,5-3-2,4-3-3 Attacking,KV Oostende,Club Brugge Koninklijke Voetbalvereniging,1:3,domestic_league
86,3415426,BE1,2020,22. Matchday,2021-01-28,520.0,2282.0,1.0,2.0,17.0,1.0,Paul Clement,Philippe Clement,Jan-Breydel-Stadion,,Nathan Verboomen,https://www.transfermarkt.co.uk/cercle-brugge-_club-brugge-kv/index/spielbericht/3415426,5-3-2,4-3-3 Attacking,Cercle Brugge Koninklijke Sportvereniging,Club Brugge Koninklijke Voetbalvereniging,1:2,domestic_league
87,3415439,BE1,2020,23. Matchday,2021-01-30,2727.0,41274.0,0.0,1.0,11.0,5.0,Marc Brys,Will Still,King Power at Den Dreef Stadion,,Bert Put,https://www.transfermarkt.co.uk/oud-heverlee-leuven_beerschot-va/index/spielbericht/3415439,4-2-3-1,5-3-2,Oud-Heverlee Leuven,Koninklijke Beerschot Voetbalclub Antwerpen,0:1,domestic_league
88,3415444,BE1,2020,24. Matchday,2021-02-07,41274.0,1096.0,1.0,2.0,6.0,2.0,Will Still,Frank Vercauteren,Olympisch Stadion,,Jonathan Lardot,https://www.transfermarkt.co.uk/beerschot-va_royal-antwerp-fc/index/spielbericht/3415444,5-3-2,3-4-2-1,Koninklijke Beerschot Voetbalclub Antwerpen,Royal Antwerp Football Club,1:2,domestic_league
89,3415525,BE1,2020,33. Matchday,2021-04-11,41274.0,2861.0,1.0,2.0,6.0,5.0,Will Still,Alexander Blessin,Olympisch Stadion,,Nicolas Laforge,https://www.transfermarkt.co.uk/beerschot-va_kv-oostende-2024-/index/spielbericht/3415525,5-3-2,5-4-1,Koninklijke Beerschot Voetbalclub Antwerpen,KV Oostende,1:2,domestic_league
90,3420443,UKR1,2020,2. Matchday,2020-09-23,48726.0,660.0,1.0,1.0,13.0,3.0,Ivan Fedyk,Luís Castro,Arena Lviv,,Maksym Kozyryatskyi,https://www.transfermarkt.co.uk/rukh-lviv_shakhtar-donetsk/index/spielbericht/3420443,4-1-4-1,4-2-3-1,FC Rukh Lviv,FC Shakhtar Donetsk,1:1,domestic_league
91,3420670,UKR1,2020,10. Matchday,2020-11-21,660.0,18303.0,1.0,1.0,2.0,7.0,Luís Castro,Volodymyr Sharan,NSK Olimpiyskyi,,Kateryna Monzul,https://www.transfermarkt.co.uk/shakhtar-donetsk_fc-oleksandriya/index/spielbericht/3420670,4-3-3 Attacking,4-1-4-1,FC Shakhtar Donetsk,FC Oleksandriya,1:1,domestic_league
92,3420676,UKR1,2020,10. Matchday,2020-11-20,48726.0,6993.0,0.0,0.0,14.0,8.0,Ivan Fedyk,Ostap Markevych,Arena Lviv,,Kostyantyn Trukhanov,https://www.transfermarkt.co.uk/rukh-lviv_fk-mariupol/index/spielbericht/3420676,4-1-4-1,4-2-3-1,FC Rukh Lviv,FK Mariupol,0:0,domestic_league
93,3420921,UKR1,2020,13. Matchday,2020-12-13,18303.0,10690.0,0.0,2.0,8.0,4.0,Volodymyr Sharan,Viktor Skrypnyk,KSK Nika,,Vitaliy Romanov,https://www.transfermarkt.co.uk/fc-oleksandriya_zorya-lugansk/index/spielbericht/3420921,4-4-1-1,4-2-3-1,FC Oleksandriya,FC Zorya Lugansk,0:2,domestic_league
94,3420938,UKR1,2020,15. Matchday,2021-02-22,23611.0,60551.0,0.0,2.0,8.0,11.0,Igor Klymovskyi,Igor Jovicevic,Stadion im. Valeriya Lobanovskogo,,Dmytro Kryvushkin,https://www.transfermarkt.co.uk/olimpik-donetsk_sc-dnipro-1/index/spielbericht/3420938,4-1-4-1,4-4-1-1,Olimpik Donetsk,SC Dnipro-1,0:2,domestic_league
95,3420965,UKR1,2020,19. Matchday,2021-03-21,49364.0,18303.0,1.0,0.0,10.0,7.0,Sergiy Lavrynenko,Volodymyr Sharan,Stadion Zirka im. Stanislava Berezkina,519.0,Volodymyr Novokhatniy,https://www.transfermarkt.co.uk/ingulets-petrove_fc-oleksandriya/index/spielbericht/3420965,4-1-4-1,4-4-1-1,FC Ingulets Petrove,FC Oleksandriya,1:0,domestic_league
96,3420986,UKR1,2020,22. Matchday,2021-04-16,18105.0,18303.0,3.0,1.0,10.0,7.0,Anatoliy Bezsmertnyi,Volodymyr Sharan,Arena Lviv,,Oleksiy Derevinskyi,https://www.transfermarkt.co.uk/pfc-lviv_fc-oleksandriya/index/spielbericht/3420986,4-1-4-1,3-4-3,PFK Lviv,FC Oleksandriya,3:1,domestic_league
97,3420994,UKR1,2020,23. Matchday,2021-04-24,60551.0,61825.0,3.0,0.0,7.0,14.0,Igor Jovicevic,Mykola Tsymbal,Dnipro-Arena,,Yuriy Ivanov,https://www.transfermarkt.co.uk/sc-dnipro-1_fc-minaj/index/spielbericht/3420994,4-2-3-1,4-1-4-1,SC Dnipro-1,FC Minaj,3:0,domestic_league
98,3421017,CL,2019,Final,2020-08-23,583.0,27.0,0.0,1.0,,,Thomas Tuchel,Hansi Flick,Estádio da Luz,,Daniele Orsato,https://www.transfermarkt.co.uk/spielbericht/index/spielbericht/3421017,4-3-3 Attacking,4-2-3-1,Paris Saint-Germain Football Club,FC Bayern München,0:1,international_cup
99,3421704,GB1,2020,4. Matchday,2020-10-04,405.0,31.0,7.0,2.0,2.0,5.0,Dean Smith,Jürgen Klopp,Villa Park,,Martin Atkinson,https://www.transfermarkt.co.uk/aston-villa_liverpool-fc/index/spielbericht/3421704,4-2-3-1,4-3-3 Attacking,Aston Villa Football Club,Liverpool Football Club,7:2,domestic_league
